"X.","Name","Type.1","Type.2","Total","HP","Attack","Defense","Sp..Atk","Sp..Def","Speed","Generation","Legendary"
1,"Bulbasaur","Grass","15",318,45,49,49,65,65,45,1,"False"
2,"Ivysaur","Grass","15",405,60,62,63,80,80,60,1,"False"
3,"Venusaur","Grass","15",525,80,82,83,100,100,80,1,"False"
3,"VenusaurMega Venusaur","Grass","15",625,80,100,123,122,120,80,1,"False"
4,"Charmander","Fire","1",309,39,52,43,60,50,65,1,"False"
5,"Charmeleon","Fire","1",405,58,64,58,80,65,80,1,"False"
6,"Charizard","Fire","9",534,78,84,78,109,85,100,1,"False"
6,"CharizardMega Charizard X","Fire","4",634,78,130,111,130,85,100,1,"False"
6,"CharizardMega Charizard Y","Fire","9",634,78,104,78,159,115,100,1,"False"
7,"Squirtle","Water","1",314,44,48,65,50,64,43,1,"False"
8,"Wartortle","Water","1",405,59,63,80,65,80,58,1,"False"
9,"Blastoise","Water","1",530,79,83,100,85,105,78,1,"False"
9,"BlastoiseMega Blastoise","Water","1",630,79,103,120,135,115,78,1,"False"
10,"Caterpie","Bug","Flying",195,45,30,35,20,20,45,1,"False"
11,"Metapod","Bug","Flying",205,50,20,55,25,25,30,1,"False"
12,"Butterfree","Bug","9",395,60,45,50,90,80,70,1,"False"
13,"Weedle","Bug","15",195,40,35,30,20,20,50,1,"False"
14,"Kakuna","Bug","15",205,45,25,50,25,25,35,1,"False"
15,"Beedrill","Bug","15",395,65,90,40,45,80,75,1,"False"
15,"BeedrillMega Beedrill","Bug","15",495,65,150,40,15,80,145,1,"False"
16,"Pidgey","Normal","9",251,40,45,40,35,35,56,1,"False"
17,"Pidgeotto","Normal","9",349,63,60,55,50,50,71,1,"False"
18,"Pidgeot","Normal","9",479,83,80,75,70,70,101,1,"False"
18,"PidgeotMega Pidgeot","Normal","9",579,83,80,80,135,80,121,1,"False"
19,"Rattata","Normal","1",253,30,56,35,25,35,72,1,"False"
20,"Raticate","Normal","1",413,55,81,60,50,70,97,1,"False"
21,"Spearow","Normal","9",262,40,60,30,31,31,70,1,"False"
22,"Fearow","Normal","9",442,65,90,65,61,61,100,1,"False"
23,"Ekans","Poison","1",288,35,60,44,40,54,55,1,"False"
24,"Arbok","Poison","1",438,60,85,69,65,79,80,1,"False"
25,"Pikachu","Electric","1",320,35,55,40,50,50,90,1,"False"
26,"Raichu","Electric","1",485,60,90,55,90,80,110,1,"False"
27,"Sandshrew","Ground","1",300,50,75,85,20,30,40,1,"False"
28,"Sandslash","Ground","1",450,75,100,110,45,55,65,1,"False"
29,"Nidoran♀","Poison","1",275,55,47,52,40,40,41,1,"False"
30,"Nidorina","Poison","1",365,70,62,67,55,55,56,1,"False"
31,"Nidoqueen","Poison","12",505,90,92,87,75,85,76,1,"False"
32,"Nidoran♂","Poison","1",273,46,57,40,40,40,50,1,"False"
33,"Nidorino","Poison","1",365,61,72,57,55,55,65,1,"False"
34,"Nidoking","Poison","12",505,81,102,77,85,75,85,1,"False"
35,"Clefairy","Fairy","1",323,70,45,48,60,65,35,1,"False"
36,"Clefable","Fairy","1",483,95,70,73,95,90,60,1,"False"
37,"Vulpix","Fire","1",299,38,41,40,50,65,65,1,"False"
38,"Ninetales","Fire","1",505,73,76,75,81,100,100,1,"False"
39,"Jigglypuff","Normal","6",270,115,45,20,45,25,20,1,"False"
40,"Wigglytuff","Normal","6",435,140,70,45,85,50,45,1,"False"
41,"Zubat","Poison","9",245,40,45,35,30,40,55,1,"False"
42,"Golbat","Poison","9",455,75,80,70,65,75,90,1,"False"
43,"Oddish","Grass","15",320,45,50,55,75,65,30,1,"False"
44,"Gloom","Grass","15",395,60,65,70,85,75,40,1,"False"
45,"Vileplume","Grass","15",490,75,80,85,110,90,50,1,"False"
46,"Paras","Bug","11",285,35,70,55,45,55,25,1,"False"
47,"Parasect","Bug","11",405,60,95,80,60,80,30,1,"False"
48,"Venonat","Bug","15",305,60,55,50,40,55,45,1,"False"
49,"Venomoth","Bug","15",450,70,65,60,90,75,90,1,"False"
50,"Diglett","Ground","1",265,10,55,25,35,45,95,1,"False"
51,"Dugtrio","Ground","1",405,35,80,50,50,70,120,1,"False"
52,"Meowth","Normal","1",290,40,45,35,40,40,90,1,"False"
53,"Persian","Normal","1",440,65,70,60,65,65,115,1,"False"
54,"Psyduck","Water","1",320,50,52,48,65,50,55,1,"False"
55,"Golduck","Water","1",500,80,82,78,95,80,85,1,"False"
56,"Mankey","Fighting","1",305,40,80,35,35,45,70,1,"False"
57,"Primeape","Fighting","1",455,65,105,60,60,70,95,1,"False"
58,"Growlithe","Fire","1",350,55,70,45,70,50,60,1,"False"
59,"Arcanine","Fire","1",555,90,110,80,100,80,95,1,"False"
60,"Poliwag","Water","1",300,40,50,40,40,40,90,1,"False"
61,"Poliwhirl","Water","1",385,65,65,65,50,50,90,1,"False"
62,"Poliwrath","Water","7",510,90,95,95,70,90,70,1,"False"
63,"Abra","Psychic","1",310,25,20,15,105,55,90,1,"False"
64,"Kadabra","Psychic","1",400,40,35,30,120,70,105,1,"False"
65,"Alakazam","Psychic","1",500,55,50,45,135,95,120,1,"False"
65,"AlakazamMega Alakazam","Psychic","1",590,55,50,65,175,95,150,1,"False"
66,"Machop","Fighting","1",305,70,80,50,35,35,35,1,"False"
67,"Machoke","Fighting","1",405,80,100,70,50,60,45,1,"False"
68,"Machamp","Fighting","1",505,90,130,80,65,85,55,1,"False"
69,"Bellsprout","Grass","15",300,50,75,35,70,30,40,1,"False"
70,"Weepinbell","Grass","15",390,65,90,50,85,45,55,1,"False"
71,"Victreebel","Grass","15",490,80,105,65,100,70,70,1,"False"
72,"Tentacool","Water","15",335,40,40,35,50,100,70,1,"False"
73,"Tentacruel","Water","15",515,80,70,65,80,120,100,1,"False"
74,"Geodude","Rock","12",300,40,80,100,30,30,20,1,"False"
75,"Graveler","Rock","12",390,55,95,115,45,45,35,1,"False"
76,"Golem","Rock","12",495,80,120,130,55,65,45,1,"False"
77,"Ponyta","Fire","1",410,50,85,55,65,65,90,1,"False"
78,"Rapidash","Fire","1",500,65,100,70,80,80,105,1,"False"
79,"Slowpoke","Water","16",315,90,65,65,40,40,15,1,"False"
80,"Slowbro","Water","16",490,95,75,110,100,80,30,1,"False"
80,"SlowbroMega Slowbro","Water","16",590,95,75,180,130,80,30,1,"False"
81,"Magnemite","Electric","18",325,25,35,70,95,55,45,1,"False"
82,"Magneton","Electric","18",465,50,60,95,120,70,70,1,"False"
83,"Farfetch'd","Normal","9",352,52,65,55,58,62,60,1,"False"
84,"Doduo","Normal","9",310,35,85,45,35,35,75,1,"False"
85,"Dodrio","Normal","9",460,60,110,70,60,60,100,1,"False"
86,"Seel","Water","1",325,65,45,55,45,70,45,1,"False"
87,"Dewgong","Water","13",475,90,70,80,70,95,70,1,"False"
88,"Grimer","Poison","1",325,80,80,50,40,50,25,1,"False"
89,"Muk","Poison","1",500,105,105,75,65,100,50,1,"False"
90,"Shellder","Water","1",305,30,65,100,45,25,40,1,"False"
91,"Cloyster","Water","13",525,50,95,180,85,45,70,1,"False"
92,"Gastly","Ghost","15",310,30,35,30,100,35,80,1,"False"
93,"Haunter","Ghost","15",405,45,50,45,115,55,95,1,"False"
94,"Gengar","Ghost","15",500,60,65,60,130,75,110,1,"False"
94,"GengarMega Gengar","Ghost","15",600,60,65,80,170,95,130,1,"False"
95,"Onix","Rock","12",385,35,45,160,30,45,70,1,"False"
96,"Drowzee","Psychic","1",328,60,48,45,43,90,42,1,"False"
97,"Hypno","Psychic","1",483,85,73,70,73,115,67,1,"False"
98,"Krabby","Water","1",325,30,105,90,25,25,50,1,"False"
99,"Kingler","Water","1",475,55,130,115,50,50,75,1,"False"
100,"Voltorb","Electric","1",330,40,30,50,55,55,100,1,"False"
101,"Electrode","Electric","1",480,60,50,70,80,80,140,1,"False"
102,"Exeggcute","Grass","16",325,60,40,80,60,45,40,1,"False"
103,"Exeggutor","Grass","16",520,95,95,85,125,65,55,1,"False"
104,"Cubone","Ground","1",320,50,50,95,40,50,35,1,"False"
105,"Marowak","Ground","1",425,60,80,110,50,80,45,1,"False"
106,"Hitmonlee","Fighting","1",455,50,120,53,35,110,87,1,"False"
107,"Hitmonchan","Fighting","1",455,50,105,79,35,110,76,1,"False"
108,"Lickitung","Normal","1",385,90,55,75,60,75,30,1,"False"
109,"Koffing","Poison","1",340,40,65,95,60,45,35,1,"False"
110,"Weezing","Poison","1",490,65,90,120,85,70,60,1,"False"
111,"Rhyhorn","Ground","17",345,80,85,95,30,30,25,1,"False"
112,"Rhydon","Ground","17",485,105,130,120,45,45,40,1,"False"
113,"Chansey","Normal","1",450,250,5,5,35,105,50,1,"False"
114,"Tangela","Grass","1",435,65,55,115,100,40,60,1,"False"
115,"Kangaskhan","Normal","1",490,105,95,80,40,80,90,1,"False"
115,"KangaskhanMega Kangaskhan","Normal","1",590,105,125,100,60,100,100,1,"False"
116,"Horsea","Water","1",295,30,40,70,70,25,60,1,"False"
117,"Seadra","Water","1",440,55,65,95,95,45,85,1,"False"
118,"Goldeen","Water","1",320,45,67,60,35,50,63,1,"False"
119,"Seaking","Water","1",450,80,92,65,65,80,68,1,"False"
120,"Staryu","Water","1",340,30,45,55,70,55,85,1,"False"
121,"Starmie","Water","16",520,60,75,85,100,85,115,1,"False"
122,"Mr. Mime","Psychic","6",460,40,45,65,100,120,90,1,"False"
123,"Scyther","Bug","9",500,70,110,80,55,80,105,1,"False"
124,"Jynx","Ice","16",455,65,50,35,115,95,95,1,"False"
125,"Electabuzz","Electric","1",490,65,83,57,95,85,105,1,"False"
126,"Magmar","Fire","1",495,65,95,57,100,85,93,1,"False"
127,"Pinsir","Bug","Flying",500,65,125,100,55,70,85,1,"False"
127,"PinsirMega Pinsir","Bug","9",600,65,155,120,65,90,105,1,"False"
128,"Tauros","Normal","1",490,75,100,95,40,70,110,1,"False"
129,"Magikarp","Water","1",200,20,10,55,15,20,80,1,"False"
130,"Gyarados","Water","9",540,95,125,79,60,100,81,1,"False"
130,"GyaradosMega Gyarados","Water","3",640,95,155,109,70,130,81,1,"False"
131,"Lapras","Water","13",535,130,85,80,85,95,60,1,"False"
132,"Ditto","Normal","1",288,48,48,48,48,48,48,1,"False"
133,"Eevee","Normal","1",325,55,55,50,45,65,55,1,"False"
134,"Vaporeon","Water","1",525,130,65,60,110,95,65,1,"False"
135,"Jolteon","Electric","1",525,65,65,60,110,95,130,1,"False"
136,"Flareon","Fire","1",525,65,130,60,95,110,65,1,"False"
137,"Porygon","Normal","1",395,65,60,70,85,75,40,1,"False"
138,"Omanyte","Rock","19",355,35,40,100,90,55,35,1,"False"
139,"Omastar","Rock","19",495,70,60,125,115,70,55,1,"False"
140,"Kabuto","Rock","19",355,30,80,90,55,45,55,1,"False"
141,"Kabutops","Rock","19",495,60,115,105,65,70,80,1,"False"
142,"Aerodactyl","Rock","9",515,80,105,65,60,75,130,1,"False"
142,"AerodactylMega Aerodactyl","Rock","9",615,80,135,85,70,95,150,1,"False"
143,"Snorlax","Normal","1",540,160,110,65,65,110,30,1,"False"
144,"Articuno","Ice","9",580,90,85,100,95,125,85,1,"True"
145,"Zapdos","Electric","9",580,90,90,85,125,90,100,1,"True"
146,"Moltres","Fire","9",580,90,100,90,125,85,90,1,"True"
147,"Dratini","Dragon","1",300,41,64,45,50,50,50,1,"False"
148,"Dragonair","Dragon","1",420,61,84,65,70,70,70,1,"False"
149,"Dragonite","Dragon","9",600,91,134,95,100,100,80,1,"False"
150,"Mewtwo","Psychic","1",680,106,110,90,154,90,130,1,"True"
150,"MewtwoMega Mewtwo X","Psychic","7",780,106,190,100,154,100,130,1,"True"
150,"MewtwoMega Mewtwo Y","Psychic","1",780,106,150,70,194,120,140,1,"True"
151,"Mew","Psychic","1",600,100,100,100,100,100,100,1,"False"
152,"Chikorita","Grass","1",318,45,49,65,49,65,45,2,"False"
153,"Bayleef","Grass","1",405,60,62,80,63,80,60,2,"False"
154,"Meganium","Grass","1",525,80,82,100,83,100,80,2,"False"
155,"Cyndaquil","Fire","1",309,39,52,43,60,50,65,2,"False"
156,"Quilava","Fire","1",405,58,64,58,80,65,80,2,"False"
157,"Typhlosion","Fire","1",534,78,84,78,109,85,100,2,"False"
158,"Totodile","Water","1",314,50,65,64,44,48,43,2,"False"
159,"Croconaw","Water","1",405,65,80,80,59,63,58,2,"False"
160,"Feraligatr","Water","1",530,85,105,100,79,83,78,2,"False"
161,"Sentret","Normal","1",215,35,46,34,35,45,20,2,"False"
162,"Furret","Normal","1",415,85,76,64,45,55,90,2,"False"
163,"Hoothoot","Normal","9",262,60,30,30,36,56,50,2,"False"
164,"Noctowl","Normal","9",442,100,50,50,76,96,70,2,"False"
165,"Ledyba","Bug","9",265,40,20,30,40,80,55,2,"False"
166,"Ledian","Bug","9",390,55,35,50,55,110,85,2,"False"
167,"Spinarak","Bug","15",250,40,60,40,40,40,30,2,"False"
168,"Ariados","Bug","15",390,70,90,70,60,60,40,2,"False"
169,"Crobat","Poison","9",535,85,90,80,70,80,130,2,"False"
170,"Chinchou","Water","5",330,75,38,38,56,56,67,2,"False"
171,"Lanturn","Water","5",460,125,58,58,76,76,67,2,"False"
172,"Pichu","Electric","1",205,20,40,15,35,35,60,2,"False"
173,"Cleffa","Fairy","1",218,50,25,28,45,55,15,2,"False"
174,"Igglybuff","Normal","6",210,90,30,15,40,20,15,2,"False"
175,"Togepi","Fairy","1",245,35,20,65,40,65,20,2,"False"
176,"Togetic","Fairy","9",405,55,40,85,80,105,40,2,"False"
177,"Natu","Psychic","9",320,40,50,45,70,45,70,2,"False"
178,"Xatu","Psychic","9",470,65,75,70,95,70,95,2,"False"
179,"Mareep","Electric","1",280,55,40,40,65,45,35,2,"False"
180,"Flaaffy","Electric","1",365,70,55,55,80,60,45,2,"False"
181,"Ampharos","Electric","1",510,90,75,85,115,90,55,2,"False"
181,"AmpharosMega Ampharos","Electric","4",610,90,95,105,165,110,45,2,"False"
182,"Bellossom","Grass","1",490,75,80,95,90,100,50,2,"False"
183,"Marill","Water","6",250,70,20,50,20,50,40,2,"False"
184,"Azumarill","Water","6",420,100,50,80,60,80,50,2,"False"
185,"Sudowoodo","Rock","1",410,70,100,115,30,65,30,2,"False"
186,"Politoed","Water","1",500,90,75,75,90,100,70,2,"False"
187,"Hoppip","Grass","9",250,35,35,40,35,55,50,2,"False"
188,"Skiploom","Grass","9",340,55,45,50,45,65,80,2,"False"
189,"Jumpluff","Grass","9",460,75,55,70,55,95,110,2,"False"
190,"Aipom","Normal","1",360,55,70,55,40,55,85,2,"False"
191,"Sunkern","Grass","1",180,30,30,30,30,30,30,2,"False"
192,"Sunflora","Grass","1",425,75,75,55,105,85,30,2,"False"
193,"Yanma","Bug","9",390,65,65,45,75,45,95,2,"False"
194,"Wooper","Water","12",210,55,45,45,25,25,15,2,"False"
195,"Quagsire","Water","12",430,95,85,85,65,65,35,2,"False"
196,"Espeon","Psychic","1",525,65,65,60,130,95,110,2,"False"
197,"Umbreon","Dark","1",525,95,65,110,60,130,65,2,"False"
198,"Murkrow","Dark","9",405,60,85,42,85,42,91,2,"False"
199,"Slowking","Water","16",490,95,75,80,100,110,30,2,"False"
200,"Misdreavus","Ghost","1",435,60,60,60,85,85,85,2,"False"
201,"Unown","Psychic","1",336,48,72,48,72,48,48,2,"False"
202,"Wobbuffet","Psychic","1",405,190,33,58,33,58,33,2,"False"
203,"Girafarig","Normal","16",455,70,80,65,90,65,85,2,"False"
204,"Pineco","Bug","Flying",290,50,65,90,35,35,15,2,"False"
205,"Forretress","Bug","18",465,75,90,140,60,60,40,2,"False"
206,"Dunsparce","Normal","1",415,100,70,70,65,65,45,2,"False"
207,"Gligar","Ground","9",430,65,75,105,35,65,85,2,"False"
208,"Steelix","Steel","12",510,75,85,200,55,65,30,2,"False"
208,"SteelixMega Steelix","Steel","12",610,75,125,230,55,95,30,2,"False"
209,"Snubbull","Fairy","1",300,60,80,50,40,40,30,2,"False"
210,"Granbull","Fairy","1",450,90,120,75,60,60,45,2,"False"
211,"Qwilfish","Water","15",430,65,95,75,55,55,85,2,"False"
212,"Scizor","Bug","18",500,70,130,100,55,80,65,2,"False"
212,"ScizorMega Scizor","Bug","18",600,70,150,140,65,100,75,2,"False"
213,"Shuckle","Bug","17",505,20,10,230,10,230,5,2,"False"
214,"Heracross","Bug","7",500,80,125,75,40,95,85,2,"False"
214,"HeracrossMega Heracross","Bug","7",600,80,185,115,40,105,75,2,"False"
215,"Sneasel","Dark","13",430,55,95,55,35,75,115,2,"False"
216,"Teddiursa","Normal","1",330,60,80,50,50,50,40,2,"False"
217,"Ursaring","Normal","1",500,90,130,75,75,75,55,2,"False"
218,"Slugma","Fire","1",250,40,40,40,70,40,20,2,"False"
219,"Magcargo","Fire","17",410,50,50,120,80,80,30,2,"False"
220,"Swinub","Ice","12",250,50,50,40,30,30,50,2,"False"
221,"Piloswine","Ice","12",450,100,100,80,60,60,50,2,"False"
222,"Corsola","Water","17",380,55,55,85,65,85,35,2,"False"
223,"Remoraid","Water","1",300,35,65,35,65,35,65,2,"False"
224,"Octillery","Water","1",480,75,105,75,105,75,45,2,"False"
225,"Delibird","Ice","9",330,45,55,45,65,45,75,2,"False"
226,"Mantine","Water","9",465,65,40,70,80,140,70,2,"False"
227,"Skarmory","Steel","9",465,65,80,140,40,70,70,2,"False"
228,"Houndour","Dark","8",330,45,60,30,80,50,65,2,"False"
229,"Houndoom","Dark","8",500,75,90,50,110,80,95,2,"False"
229,"HoundoomMega Houndoom","Dark","8",600,75,90,90,140,90,115,2,"False"
230,"Kingdra","Water","4",540,75,95,95,95,95,85,2,"False"
231,"Phanpy","Ground","1",330,90,60,60,40,40,40,2,"False"
232,"Donphan","Ground","1",500,90,120,120,60,60,50,2,"False"
233,"Porygon2","Normal","1",515,85,80,90,105,95,60,2,"False"
234,"Stantler","Normal","1",465,73,95,62,85,65,85,2,"False"
235,"Smeargle","Normal","1",250,55,20,35,20,45,75,2,"False"
236,"Tyrogue","Fighting","1",210,35,35,35,35,35,35,2,"False"
237,"Hitmontop","Fighting","1",455,50,95,95,35,110,70,2,"False"
238,"Smoochum","Ice","16",305,45,30,15,85,65,65,2,"False"
239,"Elekid","Electric","1",360,45,63,37,65,55,95,2,"False"
240,"Magby","Fire","1",365,45,75,37,70,55,83,2,"False"
241,"Miltank","Normal","1",490,95,80,105,40,70,100,2,"False"
242,"Blissey","Normal","1",540,255,10,10,75,135,55,2,"False"
243,"Raikou","Electric","1",580,90,85,75,115,100,115,2,"True"
244,"Entei","Fire","1",580,115,115,85,90,75,100,2,"True"
245,"Suicune","Water","1",580,100,75,115,90,115,85,2,"True"
246,"Larvitar","Rock","12",300,50,64,50,45,50,41,2,"False"
247,"Pupitar","Rock","12",410,70,84,70,65,70,51,2,"False"
248,"Tyranitar","Rock","3",600,100,134,110,95,100,61,2,"False"
248,"TyranitarMega Tyranitar","Rock","3",700,100,164,150,95,120,71,2,"False"
249,"Lugia","Psychic","9",680,106,90,130,90,154,110,2,"True"
250,"Ho-oh","Fire","9",680,106,130,90,110,154,90,2,"True"
251,"Celebi","Psychic","11",600,100,100,100,100,100,100,2,"False"
252,"Treecko","Grass","1",310,40,45,35,65,55,70,3,"False"
253,"Grovyle","Grass","1",405,50,65,45,85,65,95,3,"False"
254,"Sceptile","Grass","1",530,70,85,65,105,85,120,3,"False"
254,"SceptileMega Sceptile","Grass","4",630,70,110,75,145,85,145,3,"False"
255,"Torchic","Fire","1",310,45,60,40,70,50,45,3,"False"
256,"Combusken","Fire","7",405,60,85,60,85,60,55,3,"False"
257,"Blaziken","Fire","7",530,80,120,70,110,70,80,3,"False"
257,"BlazikenMega Blaziken","Fire","7",630,80,160,80,130,80,100,3,"False"
258,"Mudkip","Water","1",310,50,70,50,50,50,40,3,"False"
259,"Marshtomp","Water","12",405,70,85,70,60,70,50,3,"False"
260,"Swampert","Water","12",535,100,110,90,85,90,60,3,"False"
260,"SwampertMega Swampert","Water","12",635,100,150,110,95,110,70,3,"False"
261,"Poochyena","Dark","1",220,35,55,35,30,30,35,3,"False"
262,"Mightyena","Dark","1",420,70,90,70,60,60,70,3,"False"
263,"Zigzagoon","Normal","1",240,38,30,41,30,41,60,3,"False"
264,"Linoone","Normal","1",420,78,70,61,50,61,100,3,"False"
265,"Wurmple","Bug","Flying",195,45,45,35,20,30,20,3,"False"
266,"Silcoon","Bug","Flying",205,50,35,55,25,25,15,3,"False"
267,"Beautifly","Bug","9",395,60,70,50,100,50,65,3,"False"
268,"Cascoon","Bug","Flying",205,50,35,55,25,25,15,3,"False"
269,"Dustox","Bug","15",385,60,50,70,50,90,65,3,"False"
270,"Lotad","Water","11",220,40,30,30,40,50,30,3,"False"
271,"Lombre","Water","11",340,60,50,50,60,70,50,3,"False"
272,"Ludicolo","Water","11",480,80,70,70,90,100,70,3,"False"
273,"Seedot","Grass","1",220,40,40,50,30,30,30,3,"False"
274,"Nuzleaf","Grass","3",340,70,70,40,60,40,60,3,"False"
275,"Shiftry","Grass","3",480,90,100,60,90,60,80,3,"False"
276,"Taillow","Normal","9",270,40,55,30,30,30,85,3,"False"
277,"Swellow","Normal","9",430,60,85,60,50,50,125,3,"False"
278,"Wingull","Water","9",270,40,30,30,55,30,85,3,"False"
279,"Pelipper","Water","9",430,60,50,100,85,70,65,3,"False"
280,"Ralts","Psychic","6",198,28,25,25,45,35,40,3,"False"
281,"Kirlia","Psychic","6",278,38,35,35,65,55,50,3,"False"
282,"Gardevoir","Psychic","6",518,68,65,65,125,115,80,3,"False"
282,"GardevoirMega Gardevoir","Psychic","6",618,68,85,65,165,135,100,3,"False"
283,"Surskit","Bug","19",269,40,30,32,50,52,65,3,"False"
284,"Masquerain","Bug","9",414,70,60,62,80,82,60,3,"False"
285,"Shroomish","Grass","1",295,60,40,60,40,60,35,3,"False"
286,"Breloom","Grass","7",460,60,130,80,60,60,70,3,"False"
287,"Slakoth","Normal","1",280,60,60,60,35,35,30,3,"False"
288,"Vigoroth","Normal","1",440,80,80,80,55,55,90,3,"False"
289,"Slaking","Normal","1",670,150,160,100,95,65,100,3,"False"
290,"Nincada","Bug","12",266,31,45,90,30,30,40,3,"False"
291,"Ninjask","Bug","9",456,61,90,45,50,50,160,3,"False"
292,"Shedinja","Bug","10",236,1,90,45,30,30,40,3,"False"
293,"Whismur","Normal","1",240,64,51,23,51,23,28,3,"False"
294,"Loudred","Normal","1",360,84,71,43,71,43,48,3,"False"
295,"Exploud","Normal","1",490,104,91,63,91,73,68,3,"False"
296,"Makuhita","Fighting","1",237,72,60,30,20,30,25,3,"False"
297,"Hariyama","Fighting","1",474,144,120,60,40,60,50,3,"False"
298,"Azurill","Normal","6",190,50,20,40,20,40,20,3,"False"
299,"Nosepass","Rock","1",375,30,45,135,45,90,30,3,"False"
300,"Skitty","Normal","1",260,50,45,45,35,35,50,3,"False"
301,"Delcatty","Normal","1",380,70,65,65,55,55,70,3,"False"
302,"Sableye","Dark","10",380,50,75,75,65,65,50,3,"False"
302,"SableyeMega Sableye","Dark","10",480,50,85,125,85,115,20,3,"False"
303,"Mawile","Steel","6",380,50,85,85,55,55,50,3,"False"
303,"MawileMega Mawile","Steel","6",480,50,105,125,55,95,50,3,"False"
304,"Aron","Steel","17",330,50,70,100,40,40,30,3,"False"
305,"Lairon","Steel","17",430,60,90,140,50,50,40,3,"False"
306,"Aggron","Steel","17",530,70,110,180,60,60,50,3,"False"
306,"AggronMega Aggron","Steel","1",630,70,140,230,60,80,50,3,"False"
307,"Meditite","Fighting","16",280,30,40,55,40,55,60,3,"False"
308,"Medicham","Fighting","16",410,60,60,75,60,75,80,3,"False"
308,"MedichamMega Medicham","Fighting","16",510,60,100,85,80,85,100,3,"False"
309,"Electrike","Electric","1",295,40,45,40,65,40,65,3,"False"
310,"Manectric","Electric","1",475,70,75,60,105,60,105,3,"False"
310,"ManectricMega Manectric","Electric","1",575,70,75,80,135,80,135,3,"False"
311,"Plusle","Electric","1",405,60,50,40,85,75,95,3,"False"
312,"Minun","Electric","1",405,60,40,50,75,85,95,3,"False"
313,"Volbeat","Bug","Flying",400,65,73,55,47,75,85,3,"False"
314,"Illumise","Bug","Flying",400,65,47,55,73,75,85,3,"False"
315,"Roselia","Grass","15",400,50,60,45,100,80,65,3,"False"
316,"Gulpin","Poison","1",302,70,43,53,43,53,40,3,"False"
317,"Swalot","Poison","1",467,100,73,83,73,83,55,3,"False"
318,"Carvanha","Water","3",305,45,90,20,65,20,65,3,"False"
319,"Sharpedo","Water","3",460,70,120,40,95,40,95,3,"False"
319,"SharpedoMega Sharpedo","Water","3",560,70,140,70,110,65,105,3,"False"
320,"Wailmer","Water","1",400,130,70,35,70,35,60,3,"False"
321,"Wailord","Water","1",500,170,90,45,90,45,60,3,"False"
322,"Numel","Fire","12",305,60,60,40,65,45,35,3,"False"
323,"Camerupt","Fire","12",460,70,100,70,105,75,40,3,"False"
323,"CameruptMega Camerupt","Fire","12",560,70,120,100,145,105,20,3,"False"
324,"Torkoal","Fire","1",470,70,85,140,85,70,20,3,"False"
325,"Spoink","Psychic","1",330,60,25,35,70,80,60,3,"False"
326,"Grumpig","Psychic","1",470,80,45,65,90,110,80,3,"False"
327,"Spinda","Normal","1",360,60,60,60,60,60,60,3,"False"
328,"Trapinch","Ground","1",290,45,100,45,45,45,10,3,"False"
329,"Vibrava","Ground","4",340,50,70,50,50,50,70,3,"False"
330,"Flygon","Ground","4",520,80,100,80,80,80,100,3,"False"
331,"Cacnea","Grass","1",335,50,85,40,85,40,35,3,"False"
332,"Cacturne","Grass","3",475,70,115,60,115,60,55,3,"False"
333,"Swablu","Normal","9",310,45,40,60,40,75,50,3,"False"
334,"Altaria","Dragon","9",490,75,70,90,70,105,80,3,"False"
334,"AltariaMega Altaria","Dragon","6",590,75,110,110,110,105,80,3,"False"
335,"Zangoose","Normal","1",458,73,115,60,60,60,90,3,"False"
336,"Seviper","Poison","1",458,73,100,60,100,60,65,3,"False"
337,"Lunatone","Rock","16",440,70,55,65,95,85,70,3,"False"
338,"Solrock","Rock","16",440,70,95,85,55,65,70,3,"False"
339,"Barboach","Water","12",288,50,48,43,46,41,60,3,"False"
340,"Whiscash","Water","12",468,110,78,73,76,71,60,3,"False"
341,"Corphish","Water","1",308,43,80,65,50,35,35,3,"False"
342,"Crawdaunt","Water","3",468,63,120,85,90,55,55,3,"False"
343,"Baltoy","Ground","16",300,40,40,55,40,70,55,3,"False"
344,"Claydol","Ground","16",500,60,70,105,70,120,75,3,"False"
345,"Lileep","Rock","11",355,66,41,77,61,87,23,3,"False"
346,"Cradily","Rock","11",495,86,81,97,81,107,43,3,"False"
347,"Anorith","Rock","2",355,45,95,50,40,50,75,3,"False"
348,"Armaldo","Rock","2",495,75,125,100,70,80,45,3,"False"
349,"Feebas","Water","1",200,20,15,20,10,55,80,3,"False"
350,"Milotic","Water","1",540,95,60,79,100,125,81,3,"False"
351,"Castform","Normal","1",420,70,70,70,70,70,70,3,"False"
352,"Kecleon","Normal","1",440,60,90,70,60,120,40,3,"False"
353,"Shuppet","Ghost","1",295,44,75,35,63,33,45,3,"False"
354,"Banette","Ghost","1",455,64,115,65,83,63,65,3,"False"
354,"BanetteMega Banette","Ghost","1",555,64,165,75,93,83,75,3,"False"
355,"Duskull","Ghost","1",295,20,40,90,30,90,25,3,"False"
356,"Dusclops","Ghost","1",455,40,70,130,60,130,25,3,"False"
357,"Tropius","Grass","9",460,99,68,83,72,87,51,3,"False"
358,"Chimecho","Psychic","1",425,65,50,70,95,80,65,3,"False"
359,"Absol","Dark","1",465,65,130,60,75,60,75,3,"False"
359,"AbsolMega Absol","Dark","1",565,65,150,60,115,60,115,3,"False"
360,"Wynaut","Psychic","1",260,95,23,48,23,48,23,3,"False"
361,"Snorunt","Ice","1",300,50,50,50,50,50,50,3,"False"
362,"Glalie","Ice","1",480,80,80,80,80,80,80,3,"False"
362,"GlalieMega Glalie","Ice","1",580,80,120,80,120,80,100,3,"False"
363,"Spheal","Ice","19",290,70,40,50,55,50,25,3,"False"
364,"Sealeo","Ice","19",410,90,60,70,75,70,45,3,"False"
365,"Walrein","Ice","19",530,110,80,90,95,90,65,3,"False"
366,"Clamperl","Water","1",345,35,64,85,74,55,32,3,"False"
367,"Huntail","Water","1",485,55,104,105,94,75,52,3,"False"
368,"Gorebyss","Water","1",485,55,84,105,114,75,52,3,"False"
369,"Relicanth","Water","17",485,100,90,130,45,65,55,3,"False"
370,"Luvdisc","Water","1",330,43,30,55,40,65,97,3,"False"
371,"Bagon","Dragon","1",300,45,75,60,40,30,50,3,"False"
372,"Shelgon","Dragon","1",420,65,95,100,60,50,50,3,"False"
373,"Salamence","Dragon","9",600,95,135,80,110,80,100,3,"False"
373,"SalamenceMega Salamence","Dragon","9",700,95,145,130,120,90,120,3,"False"
374,"Beldum","Steel","16",300,40,55,80,35,60,30,3,"False"
375,"Metang","Steel","16",420,60,75,100,55,80,50,3,"False"
376,"Metagross","Steel","16",600,80,135,130,95,90,70,3,"False"
376,"MetagrossMega Metagross","Steel","16",700,80,145,150,105,110,110,3,"False"
377,"Regirock","Rock","1",580,80,100,200,50,100,50,3,"True"
378,"Regice","Ice","1",580,80,50,100,100,200,50,3,"True"
379,"Registeel","Steel","1",580,80,75,150,75,150,50,3,"True"
380,"Latias","Dragon","16",600,80,80,90,110,130,110,3,"True"
380,"LatiasMega Latias","Dragon","16",700,80,100,120,140,150,110,3,"True"
381,"Latios","Dragon","16",600,80,90,80,130,110,110,3,"True"
381,"LatiosMega Latios","Dragon","16",700,80,130,100,160,120,110,3,"True"
382,"Kyogre","Water","1",670,100,100,90,150,140,90,3,"True"
382,"KyogrePrimal Kyogre","Water","1",770,100,150,90,180,160,90,3,"True"
383,"Groudon","Ground","1",670,100,150,140,100,90,90,3,"True"
383,"GroudonPrimal Groudon","Ground","8",770,100,180,160,150,90,90,3,"True"
384,"Rayquaza","Dragon","9",680,105,150,90,150,90,95,3,"True"
384,"RayquazaMega Rayquaza","Dragon","9",780,105,180,100,180,100,115,3,"True"
385,"Jirachi","Steel","16",600,100,100,100,100,100,100,3,"True"
386,"DeoxysNormal Forme","Psychic","1",600,50,150,50,150,50,150,3,"True"
386,"DeoxysAttack Forme","Psychic","1",600,50,180,20,180,20,150,3,"True"
386,"DeoxysDefense Forme","Psychic","1",600,50,70,160,70,160,90,3,"True"
386,"DeoxysSpeed Forme","Psychic","1",600,50,95,90,95,90,180,3,"True"
387,"Turtwig","Grass","1",318,55,68,64,45,55,31,4,"False"
388,"Grotle","Grass","1",405,75,89,85,55,65,36,4,"False"
389,"Torterra","Grass","12",525,95,109,105,75,85,56,4,"False"
390,"Chimchar","Fire","1",309,44,58,44,58,44,61,4,"False"
391,"Monferno","Fire","7",405,64,78,52,78,52,81,4,"False"
392,"Infernape","Fire","7",534,76,104,71,104,71,108,4,"False"
393,"Piplup","Water","1",314,53,51,53,61,56,40,4,"False"
394,"Prinplup","Water","1",405,64,66,68,81,76,50,4,"False"
395,"Empoleon","Water","18",530,84,86,88,111,101,60,4,"False"
396,"Starly","Normal","9",245,40,55,30,30,30,60,4,"False"
397,"Staravia","Normal","9",340,55,75,50,40,40,80,4,"False"
398,"Staraptor","Normal","9",485,85,120,70,50,60,100,4,"False"
399,"Bidoof","Normal","1",250,59,45,40,35,40,31,4,"False"
400,"Bibarel","Normal","19",410,79,85,60,55,60,71,4,"False"
401,"Kricketot","Bug","Flying",194,37,25,41,25,41,25,4,"False"
402,"Kricketune","Bug","Flying",384,77,85,51,55,51,65,4,"False"
403,"Shinx","Electric","1",263,45,65,34,40,34,45,4,"False"
404,"Luxio","Electric","1",363,60,85,49,60,49,60,4,"False"
405,"Luxray","Electric","1",523,80,120,79,95,79,70,4,"False"
406,"Budew","Grass","15",280,40,30,35,50,70,55,4,"False"
407,"Roserade","Grass","15",515,60,70,65,125,105,90,4,"False"
408,"Cranidos","Rock","1",350,67,125,40,30,30,58,4,"False"
409,"Rampardos","Rock","1",495,97,165,60,65,50,58,4,"False"
410,"Shieldon","Rock","18",350,30,42,118,42,88,30,4,"False"
411,"Bastiodon","Rock","18",495,60,52,168,47,138,30,4,"False"
412,"Burmy","Bug","Flying",224,40,29,45,29,45,36,4,"False"
413,"WormadamPlant Cloak","Bug","11",424,60,59,85,79,105,36,4,"False"
413,"WormadamSandy Cloak","Bug","12",424,60,79,105,59,85,36,4,"False"
413,"WormadamTrash Cloak","Bug","18",424,60,69,95,69,95,36,4,"False"
414,"Mothim","Bug","9",424,70,94,50,94,50,66,4,"False"
415,"Combee","Bug","9",244,30,30,42,30,42,70,4,"False"
416,"Vespiquen","Bug","9",474,70,80,102,80,102,40,4,"False"
417,"Pachirisu","Electric","1",405,60,45,70,45,90,95,4,"False"
418,"Buizel","Water","1",330,55,65,35,60,30,85,4,"False"
419,"Floatzel","Water","1",495,85,105,55,85,50,115,4,"False"
420,"Cherubi","Grass","1",275,45,35,45,62,53,35,4,"False"
421,"Cherrim","Grass","1",450,70,60,70,87,78,85,4,"False"
422,"Shellos","Water","1",325,76,48,48,57,62,34,4,"False"
423,"Gastrodon","Water","12",475,111,83,68,92,82,39,4,"False"
424,"Ambipom","Normal","1",482,75,100,66,60,66,115,4,"False"
425,"Drifloon","Ghost","9",348,90,50,34,60,44,70,4,"False"
426,"Drifblim","Ghost","9",498,150,80,44,90,54,80,4,"False"
427,"Buneary","Normal","1",350,55,66,44,44,56,85,4,"False"
428,"Lopunny","Normal","1",480,65,76,84,54,96,105,4,"False"
428,"LopunnyMega Lopunny","Normal","7",580,65,136,94,54,96,135,4,"False"
429,"Mismagius","Ghost","1",495,60,60,60,105,105,105,4,"False"
430,"Honchkrow","Dark","9",505,100,125,52,105,52,71,4,"False"
431,"Glameow","Normal","1",310,49,55,42,42,37,85,4,"False"
432,"Purugly","Normal","1",452,71,82,64,64,59,112,4,"False"
433,"Chingling","Psychic","1",285,45,30,50,65,50,45,4,"False"
434,"Stunky","Poison","3",329,63,63,47,41,41,74,4,"False"
435,"Skuntank","Poison","3",479,103,93,67,71,61,84,4,"False"
436,"Bronzor","Steel","16",300,57,24,86,24,86,23,4,"False"
437,"Bronzong","Steel","16",500,67,89,116,79,116,33,4,"False"
438,"Bonsly","Rock","1",290,50,80,95,10,45,10,4,"False"
439,"Mime Jr.","Psychic","6",310,20,25,45,70,90,60,4,"False"
440,"Happiny","Normal","1",220,100,5,5,15,65,30,4,"False"
441,"Chatot","Normal","9",411,76,65,45,92,42,91,4,"False"
442,"Spiritomb","Ghost","3",485,50,92,108,92,108,35,4,"False"
443,"Gible","Dragon","12",300,58,70,45,40,45,42,4,"False"
444,"Gabite","Dragon","12",410,68,90,65,50,55,82,4,"False"
445,"Garchomp","Dragon","12",600,108,130,95,80,85,102,4,"False"
445,"GarchompMega Garchomp","Dragon","12",700,108,170,115,120,95,92,4,"False"
446,"Munchlax","Normal","1",390,135,85,40,40,85,5,4,"False"
447,"Riolu","Fighting","1",285,40,70,40,35,40,60,4,"False"
448,"Lucario","Fighting","18",525,70,110,70,115,70,90,4,"False"
448,"LucarioMega Lucario","Fighting","18",625,70,145,88,140,70,112,4,"False"
449,"Hippopotas","Ground","1",330,68,72,78,38,42,32,4,"False"
450,"Hippowdon","Ground","1",525,108,112,118,68,72,47,4,"False"
451,"Skorupi","Poison","2",330,40,50,90,30,55,65,4,"False"
452,"Drapion","Poison","3",500,70,90,110,60,75,95,4,"False"
453,"Croagunk","Poison","7",300,48,61,40,61,40,50,4,"False"
454,"Toxicroak","Poison","7",490,83,106,65,86,65,85,4,"False"
455,"Carnivine","Grass","1",454,74,100,72,90,72,46,4,"False"
456,"Finneon","Water","1",330,49,49,56,49,61,66,4,"False"
457,"Lumineon","Water","1",460,69,69,76,69,86,91,4,"False"
458,"Mantyke","Water","9",345,45,20,50,60,120,50,4,"False"
459,"Snover","Grass","13",334,60,62,50,62,60,40,4,"False"
460,"Abomasnow","Grass","13",494,90,92,75,92,85,60,4,"False"
460,"AbomasnowMega Abomasnow","Grass","13",594,90,132,105,132,105,30,4,"False"
461,"Weavile","Dark","13",510,70,120,65,45,85,125,4,"False"
462,"Magnezone","Electric","18",535,70,70,115,130,90,60,4,"False"
463,"Lickilicky","Normal","1",515,110,85,95,80,95,50,4,"False"
464,"Rhyperior","Ground","17",535,115,140,130,55,55,40,4,"False"
465,"Tangrowth","Grass","1",535,100,100,125,110,50,50,4,"False"
466,"Electivire","Electric","1",540,75,123,67,95,85,95,4,"False"
467,"Magmortar","Fire","1",540,75,95,67,125,95,83,4,"False"
468,"Togekiss","Fairy","9",545,85,50,95,120,115,80,4,"False"
469,"Yanmega","Bug","9",515,86,76,86,116,56,95,4,"False"
470,"Leafeon","Grass","1",525,65,110,130,60,65,95,4,"False"
471,"Glaceon","Ice","1",525,65,60,110,130,95,65,4,"False"
472,"Gliscor","Ground","9",510,75,95,125,45,75,95,4,"False"
473,"Mamoswine","Ice","12",530,110,130,80,70,60,80,4,"False"
474,"Porygon-Z","Normal","1",535,85,80,70,135,75,90,4,"False"
475,"Gallade","Psychic","7",518,68,125,65,65,115,80,4,"False"
475,"GalladeMega Gallade","Psychic","7",618,68,165,95,65,115,110,4,"False"
476,"Probopass","Rock","18",525,60,55,145,75,150,40,4,"False"
477,"Dusknoir","Ghost","1",525,45,100,135,65,135,45,4,"False"
478,"Froslass","Ice","10",480,70,80,70,80,70,110,4,"False"
479,"Rotom","Electric","10",440,50,50,77,95,77,91,4,"False"
479,"RotomHeat Rotom","Electric","8",520,50,65,107,105,107,86,4,"False"
479,"RotomWash Rotom","Electric","19",520,50,65,107,105,107,86,4,"False"
479,"RotomFrost Rotom","Electric","13",520,50,65,107,105,107,86,4,"False"
479,"RotomFan Rotom","Electric","9",520,50,65,107,105,107,86,4,"False"
479,"RotomMow Rotom","Electric","11",520,50,65,107,105,107,86,4,"False"
480,"Uxie","Psychic","1",580,75,75,130,75,130,95,4,"True"
481,"Mesprit","Psychic","1",580,80,105,105,105,105,80,4,"True"
482,"Azelf","Psychic","1",580,75,125,70,125,70,115,4,"True"
483,"Dialga","Steel","4",680,100,120,120,150,100,90,4,"True"
484,"Palkia","Water","4",680,90,120,100,150,120,100,4,"True"
485,"Heatran","Fire","18",600,91,90,106,130,106,77,4,"True"
486,"Regigigas","Normal","1",670,110,160,110,80,110,100,4,"True"
487,"GiratinaAltered Forme","Ghost","4",680,150,100,120,100,120,90,4,"True"
487,"GiratinaOrigin Forme","Ghost","4",680,150,120,100,120,100,90,4,"True"
488,"Cresselia","Psychic","1",600,120,70,120,75,130,85,4,"False"
489,"Phione","Water","1",480,80,80,80,80,80,80,4,"False"
490,"Manaphy","Water","1",600,100,100,100,100,100,100,4,"False"
491,"Darkrai","Dark","1",600,70,90,90,135,90,125,4,"True"
492,"ShayminLand Forme","Grass","1",600,100,100,100,100,100,100,4,"True"
492,"ShayminSky Forme","Grass","9",600,100,103,75,120,75,127,4,"True"
493,"Arceus","Normal","1",720,120,120,120,120,120,120,4,"True"
494,"Victini","Psychic","8",600,100,100,100,100,100,100,5,"True"
495,"Snivy","Grass","1",308,45,45,55,45,55,63,5,"False"
496,"Servine","Grass","1",413,60,60,75,60,75,83,5,"False"
497,"Serperior","Grass","1",528,75,75,95,75,95,113,5,"False"
498,"Tepig","Fire","1",308,65,63,45,45,45,45,5,"False"
499,"Pignite","Fire","7",418,90,93,55,70,55,55,5,"False"
500,"Emboar","Fire","7",528,110,123,65,100,65,65,5,"False"
501,"Oshawott","Water","1",308,55,55,45,63,45,45,5,"False"
502,"Dewott","Water","1",413,75,75,60,83,60,60,5,"False"
503,"Samurott","Water","1",528,95,100,85,108,70,70,5,"False"
504,"Patrat","Normal","1",255,45,55,39,35,39,42,5,"False"
505,"Watchog","Normal","1",420,60,85,69,60,69,77,5,"False"
506,"Lillipup","Normal","1",275,45,60,45,25,45,55,5,"False"
507,"Herdier","Normal","1",370,65,80,65,35,65,60,5,"False"
508,"Stoutland","Normal","1",500,85,110,90,45,90,80,5,"False"
509,"Purrloin","Dark","1",281,41,50,37,50,37,66,5,"False"
510,"Liepard","Dark","1",446,64,88,50,88,50,106,5,"False"
511,"Pansage","Grass","1",316,50,53,48,53,48,64,5,"False"
512,"Simisage","Grass","1",498,75,98,63,98,63,101,5,"False"
513,"Pansear","Fire","1",316,50,53,48,53,48,64,5,"False"
514,"Simisear","Fire","1",498,75,98,63,98,63,101,5,"False"
515,"Panpour","Water","1",316,50,53,48,53,48,64,5,"False"
516,"Simipour","Water","1",498,75,98,63,98,63,101,5,"False"
517,"Munna","Psychic","1",292,76,25,45,67,55,24,5,"False"
518,"Musharna","Psychic","1",487,116,55,85,107,95,29,5,"False"
519,"Pidove","Normal","9",264,50,55,50,36,30,43,5,"False"
520,"Tranquill","Normal","9",358,62,77,62,50,42,65,5,"False"
521,"Unfezant","Normal","9",488,80,115,80,65,55,93,5,"False"
522,"Blitzle","Electric","1",295,45,60,32,50,32,76,5,"False"
523,"Zebstrika","Electric","1",497,75,100,63,80,63,116,5,"False"
524,"Roggenrola","Rock","1",280,55,75,85,25,25,15,5,"False"
525,"Boldore","Rock","1",390,70,105,105,50,40,20,5,"False"
526,"Gigalith","Rock","1",515,85,135,130,60,80,25,5,"False"
527,"Woobat","Psychic","9",313,55,45,43,55,43,72,5,"False"
528,"Swoobat","Psychic","9",425,67,57,55,77,55,114,5,"False"
529,"Drilbur","Ground","1",328,60,85,40,30,45,68,5,"False"
530,"Excadrill","Ground","18",508,110,135,60,50,65,88,5,"False"
531,"Audino","Normal","1",445,103,60,86,60,86,50,5,"False"
531,"AudinoMega Audino","Normal","6",545,103,60,126,80,126,50,5,"False"
532,"Timburr","Fighting","1",305,75,80,55,25,35,35,5,"False"
533,"Gurdurr","Fighting","1",405,85,105,85,40,50,40,5,"False"
534,"Conkeldurr","Fighting","1",505,105,140,95,55,65,45,5,"False"
535,"Tympole","Water","1",294,50,50,40,50,40,64,5,"False"
536,"Palpitoad","Water","12",384,75,65,55,65,55,69,5,"False"
537,"Seismitoad","Water","12",509,105,95,75,85,75,74,5,"False"
538,"Throh","Fighting","1",465,120,100,85,30,85,45,5,"False"
539,"Sawk","Fighting","1",465,75,125,75,30,75,85,5,"False"
540,"Sewaddle","Bug","11",310,45,53,70,40,60,42,5,"False"
541,"Swadloon","Bug","11",380,55,63,90,50,80,42,5,"False"
542,"Leavanny","Bug","11",500,75,103,80,70,80,92,5,"False"
543,"Venipede","Bug","15",260,30,45,59,30,39,57,5,"False"
544,"Whirlipede","Bug","15",360,40,55,99,40,79,47,5,"False"
545,"Scolipede","Bug","15",485,60,100,89,55,69,112,5,"False"
546,"Cottonee","Grass","6",280,40,27,60,37,50,66,5,"False"
547,"Whimsicott","Grass","6",480,60,67,85,77,75,116,5,"False"
548,"Petilil","Grass","1",280,45,35,50,70,50,30,5,"False"
549,"Lilligant","Grass","1",480,70,60,75,110,75,90,5,"False"
550,"Basculin","Water","1",460,70,92,65,80,55,98,5,"False"
551,"Sandile","Ground","3",292,50,72,35,35,35,65,5,"False"
552,"Krokorok","Ground","3",351,60,82,45,45,45,74,5,"False"
553,"Krookodile","Ground","3",519,95,117,80,65,70,92,5,"False"
554,"Darumaka","Fire","1",315,70,90,45,15,45,50,5,"False"
555,"DarmanitanStandard Mode","Fire","1",480,105,140,55,30,55,95,5,"False"
555,"DarmanitanZen Mode","Fire","16",540,105,30,105,140,105,55,5,"False"
556,"Maractus","Grass","1",461,75,86,67,106,67,60,5,"False"
557,"Dwebble","Bug","17",325,50,65,85,35,35,55,5,"False"
558,"Crustle","Bug","17",475,70,95,125,65,75,45,5,"False"
559,"Scraggy","Dark","7",348,50,75,70,35,70,48,5,"False"
560,"Scrafty","Dark","7",488,65,90,115,45,115,58,5,"False"
561,"Sigilyph","Psychic","9",490,72,58,80,103,80,97,5,"False"
562,"Yamask","Ghost","1",303,38,30,85,55,65,30,5,"False"
563,"Cofagrigus","Ghost","1",483,58,50,145,95,105,30,5,"False"
564,"Tirtouga","Water","17",355,54,78,103,53,45,22,5,"False"
565,"Carracosta","Water","17",495,74,108,133,83,65,32,5,"False"
566,"Archen","Rock","9",401,55,112,45,74,45,70,5,"False"
567,"Archeops","Rock","9",567,75,140,65,112,65,110,5,"False"
568,"Trubbish","Poison","1",329,50,50,62,40,62,65,5,"False"
569,"Garbodor","Poison","1",474,80,95,82,60,82,75,5,"False"
570,"Zorua","Dark","1",330,40,65,40,80,40,65,5,"False"
571,"Zoroark","Dark","1",510,60,105,60,120,60,105,5,"False"
572,"Minccino","Normal","1",300,55,50,40,40,40,75,5,"False"
573,"Cinccino","Normal","1",470,75,95,60,65,60,115,5,"False"
574,"Gothita","Psychic","1",290,45,30,50,55,65,45,5,"False"
575,"Gothorita","Psychic","1",390,60,45,70,75,85,55,5,"False"
576,"Gothitelle","Psychic","1",490,70,55,95,95,110,65,5,"False"
577,"Solosis","Psychic","1",290,45,30,40,105,50,20,5,"False"
578,"Duosion","Psychic","1",370,65,40,50,125,60,30,5,"False"
579,"Reuniclus","Psychic","1",490,110,65,75,125,85,30,5,"False"
580,"Ducklett","Water","9",305,62,44,50,44,50,55,5,"False"
581,"Swanna","Water","9",473,75,87,63,87,63,98,5,"False"
582,"Vanillite","Ice","1",305,36,50,50,65,60,44,5,"False"
583,"Vanillish","Ice","1",395,51,65,65,80,75,59,5,"False"
584,"Vanilluxe","Ice","1",535,71,95,85,110,95,79,5,"False"
585,"Deerling","Normal","11",335,60,60,50,40,50,75,5,"False"
586,"Sawsbuck","Normal","11",475,80,100,70,60,70,95,5,"False"
587,"Emolga","Electric","9",428,55,75,60,75,60,103,5,"False"
588,"Karrablast","Bug","Flying",315,50,75,45,40,45,60,5,"False"
589,"Escavalier","Bug","18",495,70,135,105,60,105,20,5,"False"
590,"Foongus","Grass","15",294,69,55,45,55,55,15,5,"False"
591,"Amoonguss","Grass","15",464,114,85,70,85,80,30,5,"False"
592,"Frillish","Water","10",335,55,40,50,65,85,40,5,"False"
593,"Jellicent","Water","10",480,100,60,70,85,105,60,5,"False"
594,"Alomomola","Water","1",470,165,75,80,40,45,65,5,"False"
595,"Joltik","Bug","5",319,50,47,50,57,50,65,5,"False"
596,"Galvantula","Bug","5",472,70,77,60,97,60,108,5,"False"
597,"Ferroseed","Grass","18",305,44,50,91,24,86,10,5,"False"
598,"Ferrothorn","Grass","18",489,74,94,131,54,116,20,5,"False"
599,"Klink","Steel","1",300,40,55,70,45,60,30,5,"False"
600,"Klang","Steel","1",440,60,80,95,70,85,50,5,"False"
601,"Klinklang","Steel","1",520,60,100,115,70,85,90,5,"False"
602,"Tynamo","Electric","1",275,35,55,40,45,40,60,5,"False"
603,"Eelektrik","Electric","1",405,65,85,70,75,70,40,5,"False"
604,"Eelektross","Electric","1",515,85,115,80,105,80,50,5,"False"
605,"Elgyem","Psychic","1",335,55,55,55,85,55,30,5,"False"
606,"Beheeyem","Psychic","1",485,75,75,75,125,95,40,5,"False"
607,"Litwick","Ghost","8",275,50,30,55,65,55,20,5,"False"
608,"Lampent","Ghost","8",370,60,40,60,95,60,55,5,"False"
609,"Chandelure","Ghost","8",520,60,55,90,145,90,80,5,"False"
610,"Axew","Dragon","1",320,46,87,60,30,40,57,5,"False"
611,"Fraxure","Dragon","1",410,66,117,70,40,50,67,5,"False"
612,"Haxorus","Dragon","1",540,76,147,90,60,70,97,5,"False"
613,"Cubchoo","Ice","1",305,55,70,40,60,40,40,5,"False"
614,"Beartic","Ice","1",485,95,110,80,70,80,50,5,"False"
615,"Cryogonal","Ice","1",485,70,50,30,95,135,105,5,"False"
616,"Shelmet","Bug","Flying",305,50,40,85,40,65,25,5,"False"
617,"Accelgor","Bug","Flying",495,80,70,40,100,60,145,5,"False"
618,"Stunfisk","Ground","5",471,109,66,84,81,99,32,5,"False"
619,"Mienfoo","Fighting","1",350,45,85,50,55,50,65,5,"False"
620,"Mienshao","Fighting","1",510,65,125,60,95,60,105,5,"False"
621,"Druddigon","Dragon","1",485,77,120,90,60,90,48,5,"False"
622,"Golett","Ground","10",303,59,74,50,35,50,35,5,"False"
623,"Golurk","Ground","10",483,89,124,80,55,80,55,5,"False"
624,"Pawniard","Dark","18",340,45,85,70,40,40,60,5,"False"
625,"Bisharp","Dark","18",490,65,125,100,60,70,70,5,"False"
626,"Bouffalant","Normal","1",490,95,110,95,40,95,55,5,"False"
627,"Rufflet","Normal","9",350,70,83,50,37,50,60,5,"False"
628,"Braviary","Normal","9",510,100,123,75,57,75,80,5,"False"
629,"Vullaby","Dark","9",370,70,55,75,45,65,60,5,"False"
630,"Mandibuzz","Dark","9",510,110,65,105,55,95,80,5,"False"
631,"Heatmor","Fire","1",484,85,97,66,105,66,65,5,"False"
632,"Durant","Bug","18",484,58,109,112,48,48,109,5,"False"
633,"Deino","Dark","4",300,52,65,50,45,50,38,5,"False"
634,"Zweilous","Dark","4",420,72,85,70,65,70,58,5,"False"
635,"Hydreigon","Dark","4",600,92,105,90,125,90,98,5,"False"
636,"Larvesta","Bug","8",360,55,85,55,50,55,60,5,"False"
637,"Volcarona","Bug","8",550,85,60,65,135,105,100,5,"False"
638,"Cobalion","Steel","7",580,91,90,129,90,72,108,5,"True"
639,"Terrakion","Rock","7",580,91,129,90,72,90,108,5,"True"
640,"Virizion","Grass","7",580,91,90,72,90,129,108,5,"True"
641,"TornadusIncarnate Forme","Flying","1",580,79,115,70,125,80,111,5,"True"
641,"TornadusTherian Forme","Flying","1",580,79,100,80,110,90,121,5,"True"
642,"ThundurusIncarnate Forme","Electric","9",580,79,115,70,125,80,111,5,"True"
642,"ThundurusTherian Forme","Electric","9",580,79,105,70,145,80,101,5,"True"
643,"Reshiram","Dragon","8",680,100,120,100,150,120,90,5,"True"
644,"Zekrom","Dragon","5",680,100,150,120,120,100,90,5,"True"
645,"LandorusIncarnate Forme","Ground","9",600,89,125,90,115,80,101,5,"True"
645,"LandorusTherian Forme","Ground","9",600,89,145,90,105,80,91,5,"True"
646,"Kyurem","Dragon","13",660,125,130,90,130,90,95,5,"True"
646,"KyuremBlack Kyurem","Dragon","13",700,125,170,100,120,90,95,5,"True"
646,"KyuremWhite Kyurem","Dragon","13",700,125,120,90,170,100,95,5,"True"
647,"KeldeoOrdinary Forme","Water","7",580,91,72,90,129,90,108,5,"False"
647,"KeldeoResolute Forme","Water","7",580,91,72,90,129,90,108,5,"False"
648,"MeloettaAria Forme","Normal","16",600,100,77,77,128,128,90,5,"False"
648,"MeloettaPirouette Forme","Normal","7",600,100,128,90,77,77,128,5,"False"
649,"Genesect","Bug","18",600,71,120,95,120,95,99,5,"False"
650,"Chespin","Grass","1",313,56,61,65,48,45,38,6,"False"
651,"Quilladin","Grass","1",405,61,78,95,56,58,57,6,"False"
652,"Chesnaught","Grass","7",530,88,107,122,74,75,64,6,"False"
653,"Fennekin","Fire","1",307,40,45,40,62,60,60,6,"False"
654,"Braixen","Fire","1",409,59,59,58,90,70,73,6,"False"
655,"Delphox","Fire","16",534,75,69,72,114,100,104,6,"False"
656,"Froakie","Water","1",314,41,56,40,62,44,71,6,"False"
657,"Frogadier","Water","1",405,54,63,52,83,56,97,6,"False"
658,"Greninja","Water","3",530,72,95,67,103,71,122,6,"False"
659,"Bunnelby","Normal","1",237,38,36,38,32,36,57,6,"False"
660,"Diggersby","Normal","12",423,85,56,77,50,77,78,6,"False"
661,"Fletchling","Normal","9",278,45,50,43,40,38,62,6,"False"
662,"Fletchinder","Fire","9",382,62,73,55,56,52,84,6,"False"
663,"Talonflame","Fire","9",499,78,81,71,74,69,126,6,"False"
664,"Scatterbug","Bug","Flying",200,38,35,40,27,25,35,6,"False"
665,"Spewpa","Bug","Flying",213,45,22,60,27,30,29,6,"False"
666,"Vivillon","Bug","9",411,80,52,50,90,50,89,6,"False"
667,"Litleo","Fire","14",369,62,50,58,73,54,72,6,"False"
668,"Pyroar","Fire","14",507,86,68,72,109,66,106,6,"False"
669,"Flabébé","Fairy","1",303,44,38,39,61,79,42,6,"False"
670,"Floette","Fairy","1",371,54,45,47,75,98,52,6,"False"
671,"Florges","Fairy","1",552,78,65,68,112,154,75,6,"False"
672,"Skiddo","Grass","1",350,66,65,48,62,57,52,6,"False"
673,"Gogoat","Grass","1",531,123,100,62,97,81,68,6,"False"
674,"Pancham","Fighting","1",348,67,82,62,46,48,43,6,"False"
675,"Pangoro","Fighting","3",495,95,124,78,69,71,58,6,"False"
676,"Furfrou","Normal","1",472,75,80,60,65,90,102,6,"False"
677,"Espurr","Psychic","1",355,62,48,54,63,60,68,6,"False"
678,"MeowsticMale","Psychic","1",466,74,48,76,83,81,104,6,"False"
678,"MeowsticFemale","Psychic","1",466,74,48,76,83,81,104,6,"False"
679,"Honedge","Steel","10",325,45,80,100,35,37,28,6,"False"
680,"Doublade","Steel","10",448,59,110,150,45,49,35,6,"False"
681,"AegislashBlade Forme","Steel","10",520,60,150,50,150,50,60,6,"False"
681,"AegislashShield Forme","Steel","10",520,60,50,150,50,150,60,6,"False"
682,"Spritzee","Fairy","1",341,78,52,60,63,65,23,6,"False"
683,"Aromatisse","Fairy","1",462,101,72,72,99,89,29,6,"False"
684,"Swirlix","Fairy","1",341,62,48,66,59,57,49,6,"False"
685,"Slurpuff","Fairy","1",480,82,80,86,85,75,72,6,"False"
686,"Inkay","Dark","16",288,53,54,53,37,46,45,6,"False"
687,"Malamar","Dark","16",482,86,92,88,68,75,73,6,"False"
688,"Binacle","Rock","19",306,42,52,67,39,56,50,6,"False"
689,"Barbaracle","Rock","19",500,72,105,115,54,86,68,6,"False"
690,"Skrelp","Poison","19",320,50,60,60,60,60,30,6,"False"
691,"Dragalge","Poison","4",494,65,75,90,97,123,44,6,"False"
692,"Clauncher","Water","1",330,50,53,62,58,63,44,6,"False"
693,"Clawitzer","Water","1",500,71,73,88,120,89,59,6,"False"
694,"Helioptile","Electric","14",289,44,38,33,61,43,70,6,"False"
695,"Heliolisk","Electric","14",481,62,55,52,109,94,109,6,"False"
696,"Tyrunt","Rock","4",362,58,89,77,45,45,48,6,"False"
697,"Tyrantrum","Rock","4",521,82,121,119,69,59,71,6,"False"
698,"Amaura","Rock","13",362,77,59,50,67,63,46,6,"False"
699,"Aurorus","Rock","13",521,123,77,72,99,92,58,6,"False"
700,"Sylveon","Fairy","1",525,95,65,65,110,130,60,6,"False"
701,"Hawlucha","Fighting","9",500,78,92,75,74,63,118,6,"False"
702,"Dedenne","Electric","6",431,67,58,57,81,67,101,6,"False"
703,"Carbink","Rock","6",500,50,50,150,50,150,50,6,"False"
704,"Goomy","Dragon","1",300,45,50,35,55,75,40,6,"False"
705,"Sliggoo","Dragon","1",452,68,75,53,83,113,60,6,"False"
706,"Goodra","Dragon","1",600,90,100,70,110,150,80,6,"False"
707,"Klefki","Steel","6",470,57,80,91,80,87,75,6,"False"
708,"Phantump","Ghost","11",309,43,70,48,50,60,38,6,"False"
709,"Trevenant","Ghost","11",474,85,110,76,65,82,56,6,"False"
710,"PumpkabooAverage Size","Ghost","11",335,49,66,70,44,55,51,6,"False"
710,"PumpkabooSmall Size","Ghost","11",335,44,66,70,44,55,56,6,"False"
710,"PumpkabooLarge Size","Ghost","11",335,54,66,70,44,55,46,6,"False"
710,"PumpkabooSuper Size","Ghost","11",335,59,66,70,44,55,41,6,"False"
711,"GourgeistAverage Size","Ghost","11",494,65,90,122,58,75,84,6,"False"
711,"GourgeistSmall Size","Ghost","11",494,55,85,122,58,75,99,6,"False"
711,"GourgeistLarge Size","Ghost","11",494,75,95,122,58,75,69,6,"False"
711,"GourgeistSuper Size","Ghost","11",494,85,100,122,58,75,54,6,"False"
712,"Bergmite","Ice","1",304,55,69,85,32,35,28,6,"False"
713,"Avalugg","Ice","1",514,95,117,184,44,46,28,6,"False"
714,"Noibat","Flying","4",245,40,30,35,45,40,55,6,"False"
715,"Noivern","Flying","4",535,85,70,80,97,80,123,6,"False"
716,"Xerneas","Fairy","1",680,126,131,95,131,98,99,6,"True"
717,"Yveltal","Dark","9",680,126,131,95,131,98,99,6,"True"
718,"Zygarde50% Forme","Dragon","12",600,108,100,121,81,95,95,6,"True"
719,"Diancie","Rock","6",600,50,100,150,100,150,50,6,"True"
719,"DiancieMega Diancie","Rock","6",700,50,160,110,160,110,110,6,"True"
720,"HoopaHoopa Confined","Psychic","10",600,80,110,60,150,130,70,6,"True"
720,"HoopaHoopa Unbound","Psychic","3",680,80,160,60,170,130,80,6,"True"
721,"Volcanion","Fire","19",600,80,110,120,130,90,70,6,"True"
